{"iteration": 10, "npopulation": 100, "nfitness": 10, "nparams": 5, "ngeneration": 100, "npk": true, "maxmoves": 300, "pop": [[0.75649, 0.14587, 0.26074, 0.75109, 0.40883, 11766], [0.16035, 0.94906, 0.17333, 0.8122, 0.27289, 11766], [0.47448, 0.76863, 0.40721, 0.98878, 0.69878, 11762], [0.82061, 0.24107, 0.15642, 0.45963, 0.53324, 11759], [0.87055, 0.07381, 0.06916, 0.11946, 0.28464, 11758], [0.61717, 0.28349, 0.24443, 0.75868, 0.61441, 11743], [0.50163, 0.74946, 0.18405, 0.79584, 0.14368, 11742], [0.16882, 0.75435, 0.30549, 0.22669, 0.83815, 11734], [0.85914, 0.50145, 0.12306, 0.45381, 0.58964, 11730], [0.53914, 0.94704, 0.17376, 0.51382, 0.78181, 11727], [0.74813, 0.82697, 0.2556, 0.24262, 0.61433, 11726], [0.04516, 0.96463, 0.32689, 0.80782, 0.92026, 11722], [0.32782, 0.99537, 0.34807, 0.90926, 0.57649, 11720], [0.03006, 0.33295, 0.27397, 0.59028, 0.32121, 11711], [0.15032, 0.44255, 0.09473, 0.27504, 0.07654, 11708], [0.22353, 0.0057, 0.35688, 0.91713, 0.58266, 11696], [0.3918, 0.35688, 0.33119, 0.15546, 0.86531, 11695], [0.4346, 0.31821, 0.37582, 0.92365, 0.33887, 11694], [0.37222, 0.03037, 0.29716, 0.50461, 0.57691, 11687], [0.2234, 0.14927, 0.47451, 0.98555, 0.70437, 11676], [0.75874, 0.66371, 0.48096, 0.70867, 0.72358, 11652], [0.50514, 0.98573, 0.22666, 0.45496, 0.94147, 11648], [0.2519, 0.72957, 0.25871, 0.02316, 0.55636, 11647], [0.74899, 0.21036, 0.06642, 0.77405, 0.10473, 11595], [0.796, 0.79487, 0.41693, 0.52881, 0.66803, 11593], [0.63938, 0.77744, 0.69422, 0.98398, 0.89432, 11586], [0.21456, 0.02478, 0.09487, 0.80983, 0.1346, 11561], [0.70122, 0.59121, 0.48642, 0.86964, 0.44746, 11560], [0.23867, 0.45599, 0.39467, 0.40453, 0.66331, 11555], [0.83192, 0.15093, 0.53372, 0.69203, 0.87151, 11543], [0.85304, 0.10911, 0.57852, 0.82814, 0.80068, 11542], [0.3061, 0.97188, 0.52273, 0.75544, 0.40958, 11507], [0.54457, 0.94228, 0.46317, 0.6254, 0.3123, 11432], [0.0428, 0.7206, 0.659, 0.56646, 0.81967, 11410], [0.58884, 0.63925, 0.34552, 0.80466, 0.00437, 11398], [0.49943, 0.53014, 0.22724, 0.51079, 0.01231, 11373], [0.95023, 0.02422, 0.1187, 0.58868, 0.82665, 11312], [0.82724, 0.98829, 0.01025, 0.16924, 0.26955, 11287], [0.94591, 0.2439, 0.37237, 0.73786, 0.02579, 11229], [0.34894, 0.94836, 0.07994, 0.01435, 0.78575, 11212], [0.17427, 0.12145, 0.10708, 0.72949, 0.66356, 11102], [0.05704, 0.39636, 0.59675, 0.76006, 0.52016, 11053], [0.81927, 0.48097, 0.02803, 0.9933, 0.66896, 10644], [0.09175, 0.11676, 0.41813, 0.71743, 0.13294, 10363], [0.71164, 0.64297, 0.28493, 0.37422, 0.11319, 9972], [0.26148, 0.40431, 0.03694, 0.93453, 0.9319, 9820], [0.63367, 0.03715, 0.71989, 0.48283, 0.95267, 9520], [0.16182, 0.18398, 0.31093, 0.14652, 0.45784, 9448], [0.55886, 0.89505, 0.75923, 0.42451, 0.74118, 9319], [0.91119, 0.27097, 0.94833, 0.8502, 0.91111, 9265], [0.02629, 0.39884, 0.61978, 0.22223, 0.98379, 9175], [0.24543, 0.52608, 0.99084, 0.97048, 0.94159, 9156], [0.16795, 0.92015, 0.70715, 0.30524, 0.76411, 9134], [0.97956, 0.3754, 0.7766, 0.83165, 0.58797, 9127], [0.78881, 0.31337, 0.65783, 0.26755, 0.82192, 9125], [0.9937, 0.3432, 0.51371, 0.19266, 0.42133, 9112], [0.45805, 0.48931, 0.22518, 0.18414, 0.1166, 9108], [0.55329, 0.11148, 0.45865, 0.15848, 0.69126, 9015], [0.29433, 0.58805, 0.86666, 0.68067, 0.75602, 8937], [0.0613, 0.28584, 0.69016, 0.80594, 0.56502, 8726], [0.53476, 0.16485, 0.9133, 0.60653, 0.97092, 8649], [0.664, 0.79771, 0.74474, 0.60023, 0.40018, 8348], [0.44001, 0.85455, 0.79207, 0.14, 0.99006, 8339], [0.42746, 0.20664, 0.89585, 0.72626, 0.82065, 8330], [0.47445, 0.82257, 0.5558, 0.5584, 0.26309, 8215], [0.14949, 0.48949, 0.77038, 0.75415, 0.49782, 8155], [0.39142, 0.8905, 0.86892, 0.37108, 0.76313, 7853], [0.94314, 0.94414, 0.63598, 0.62728, 0.14345, 7836], [0.81578, 0.64898, 0.58731, 0.41493, 0.22508, 7726], [0.65372, 0.72388, 0.67417, 0.67449, 0.28478, 7687], [0.84558, 0.02537, 0.59631, 0.1989, 0.62958, 7600], [0.09885, 0.28425, 0.63755, 0.8341, 0.24549, 7394], [0.96651, 0.34606, 0.93533, 0.45047, 0.71373, 7125], [0.64812, 0.5005, 0.86207, 0.15657, 0.89893, 6855], [0.05576, 0.38113, 0.51883, 0.75657, 0.08786, 6600], [0.45958, 0.789, 0.72949, 0.01869, 0.72887, 6587], [0.3347, 0.88444, 0.92514, 0.11421, 0.88557, 6277], [0.85352, 0.11631, 0.78019, 0.3506, 0.55384, 6193], [0.64324, 0.46019, 0.75664, 0.36467, 0.46197, 5572], [0.43584, 0.17134, 0.68353, 0.72705, 0.16945, 5432], [0.04749, 0.27221, 0.56914, 0.46213, 0.21056, 5010], [0.73558, 0.66885, 0.83979, 0.85709, 0.00043, 4492], [0.90907, 0.82345, 0.57851, 0.3211, 0.16849, 4447], [0.96013, 0.06509, 0.63329, 0.13105, 0.43813, 3662], [0.55155, 0.69862, 0.79737, 0.08224, 0.57885, 3537], [0.35943, 0.85428, 0.68587, 0.07476, 0.38576, 3316], [0.20533, 0.76943, 0.69025, 0.38908, 0.25097, 3304], [0.11192, 0.37486, 0.66823, 0.16061, 0.42146, 3149], [0.64354, 0.80096, 0.76328, 0.68103, 0.04621, 3019], [0.32351, 0.59627, 0.89375, 0.10544, 0.55146, 2837], [0.51299, 0.31071, 0.98731, 0.52344, 0.3895, 2835], [0.65265, 0.6468, 0.92344, 0.731, 0.00343, 2507], [0.72608, 0.51325, 0.60372, 0.00784, 0.21687, 2272], [0.01563, 0.19634, 0.82966, 0.77753, 0.00046, 2092], [0.52374, 0.6028, 0.92729, 0.36611, 0.1891, 2035], [0.3769, 0.48707, 0.86753, 0.44619, 0.08567, 1807], [0.12945, 0.55234, 0.89919, 0.43384, 0.08127, 1717], [0.71071, 0.24511, 0.77895, 0.09774, 0.15775, 1443], [0.56079, 0.07058, 0.90905, 0.09387, 0.27309, 1400], [0.01118, 0.00171, 0.92528, 0.52182, 0.09938, 1361]]}