{"iteration": 0, "npopulation": 10, "nfitness": 1, "nparams": 5, "ngeneration": 100, "npk": false, "maxmoves": 10, "pop": [[0.84638, 0.60457, 0.45815, 0.83852, 0.93218, 3], [0.62818, 0.12304, 0.30194, 0.7981, 0.74177, 2], [0.04766, 0.53414, 0.96712, 0.15258, 0.61895, 2], [0.51741, 0.02271, 0.42691, 0.03885, 0.88025, 2], [0.73966, 0.79116, 0.14078, 0.26269, 0.31908, 2], [0.0637, 0.01552, 0.35346, 0.41072, 0.78625, 2], [0.38116, 0.21014, 0.41836, 0.92556, 0.41804, 2], [0.72897, 0.92692, 0.71716, 0.46869, 0.02521, 1], [0.32842, 0.80076, 0.97312, 0.94676, 0.53458, 1], [0.638, 0.61587, 0.3272, 0.4019, 0.57519, 0]]}