{"iteration": 23, "npopulation": 100, "nfitness": 100, "nparams": 5, "ngeneration": 100, "npk": false, "maxmoves": -1, "pop": [[0.29049, 0.13933, 0.3061, 0.79654, 0.66342, 42536], [0.29037, 0.13903, 0.30602, 0.79664, 0.66324, 40350], [0.29053, 0.13922, 0.30609, 0.79658, 0.66335, 38257], [0.13628, 0.07713, 0.33676, 0.88529, 0.57086, 38237], [0.29065, 0.13916, 0.30609, 0.79659, 0.66332, 38007], [0.29046, 0.13949, 0.30609, 0.79655, 0.66352, 37937], [0.29051, 0.13954, 0.30611, 0.79644, 0.66358, 37689], [0.29049, 0.13933, 0.3061, 0.79654, 0.66342, 36649], [0.29038, 0.13942, 0.30609, 0.79651, 0.66348, 36210], [0.29044, 0.13947, 0.30605, 0.79649, 0.66354, 36082], [0.29044, 0.13947, 0.30605, 0.79649, 0.66354, 36082], [0.29048, 0.13972, 0.30612, 0.79642, 0.66368, 35355], [0.29051, 0.13954, 0.30611, 0.79644, 0.66358, 35015], [0.29046, 0.13914, 0.30605, 0.7966, 0.66331, 34764], [0.29051, 0.13991, 0.30609, 0.79634, 0.66384, 34685], [0.29051, 0.13991, 0.30609, 0.79634, 0.66384, 34685], [0.29051, 0.13954, 0.30611, 0.79644, 0.66358, 34602], [0.29048, 0.13955, 0.30614, 0.79648, 0.66354, 34477], [0.29043, 0.13935, 0.3061, 0.79655, 0.66342, 34268], [0.29041, 0.13917, 0.30605, 0.79659, 0.66332, 34180], [0.29112, 0.13915, 0.30612, 0.79629, 0.66342, 34131], [0.29046, 0.1393, 0.30605, 0.79651, 0.66345, 33890], [0.29044, 0.13941, 0.30609, 0.79651, 0.66348, 33851], [0.29041, 0.13928, 0.30608, 0.79657, 0.66338, 33828], [0.29048, 0.13955, 0.30614, 0.79648, 0.66354, 33620], [0.29045, 0.13953, 0.30614, 0.7965, 0.66352, 33525], [0.29048, 0.13972, 0.30612, 0.79642, 0.66368, 33305], [0.29038, 0.13942, 0.30609, 0.79651, 0.66348, 33276], [0.33218, 0.17089, 0.299, 0.7828, 0.64644, 33114], [0.29044, 0.13937, 0.3061, 0.79654, 0.66345, 32766], [0.29039, 0.13972, 0.30617, 0.79643, 0.66363, 32757], [0.29065, 0.13916, 0.30609, 0.79659, 0.66332, 32612], [0.29039, 0.13972, 0.30617, 0.79643, 0.66363, 32251], [0.2906, 0.13931, 0.30611, 0.79648, 0.66342, 32158], [0.29044, 0.13941, 0.30609, 0.79651, 0.66348, 32138], [0.29041, 0.13925, 0.30608, 0.79659, 0.66335, 31987], [0.29043, 0.13935, 0.3061, 0.79655, 0.66342, 31883], [0.29056, 0.13956, 0.30607, 0.79638, 0.66365, 31804], [0.29046, 0.1393, 0.30605, 0.79651, 0.66345, 31731], [0.29046, 0.1393, 0.30605, 0.79651, 0.66345, 31731], [0.29044, 0.13922, 0.30605, 0.79658, 0.66337, 31695], [0.29043, 0.13935, 0.3061, 0.79655, 0.66342, 31676], [0.29029, 0.13931, 0.30608, 0.79658, 0.66339, 31150], [0.29044, 0.13931, 0.30608, 0.79655, 0.6634, 31110], [0.29033, 0.13991, 0.30619, 0.79636, 0.66373, 30959], [0.29043, 0.13935, 0.3061, 0.79655, 0.66342, 30766], [0.29047, 0.13954, 0.3061, 0.79645, 0.66357, 30662], [0.33218, 0.17089, 0.299, 0.7828, 0.64644, 30654], [0.29045, 0.13953, 0.30614, 0.7965, 0.66352, 30163], [0.29051, 0.13954, 0.30611, 0.79644, 0.66358, 29909], [0.30088, 0.23859, 0.29562, 0.81224, 0.61837, 29204], [0.29046, 0.13949, 0.30609, 0.79655, 0.66352, 28182], [0.34024, 0.37563, 0.2571, 0.76319, 0.57025, 22622], [0.59641, 0.40504, 0.31726, 0.80739, 0.7449, 20369], [0.81074, 0.18589, 0.32898, 0.90293, 0.59604, 20301], [0.5363, 0.38848, 0.26681, 0.59235, 0.60801, 18310], [0.18424, 0.3016, 0.21751, 0.55939, 0.7407, 17613], [0.4954, 0.33049, 0.43571, 0.68922, 0.69278, 17391], [0.27452, 0.24416, 0.41497, 0.61364, 0.74638, 16541], [0.44556, 0.14583, 0.33785, 0.67229, 0.63029, 16138], [0.60067, 0.15214, 0.36955, 0.54807, 0.59706, 13379], [0.53233, 0.73423, 0.70465, 0.54008, 0.95457, 13346], [0.02254, 0.9748, 0.3622, 0.32864, 0.50447, 12291], [0.23818, 0.79233, 0.52521, 0.42824, 0.77819, 12200], [0.53587, 0.21888, 0.3956, 0.57488, 0.45849, 10279], [0.82027, 0.45412, 0.32181, 0.56673, 0.70112, 10148], [0.30116, 0.27578, 0.15458, 0.80233, 0.97247, 9492], [0.00896, 0.08702, 0.06271, 0.93001, 0.84016, 9328], [0.30349, 0.78359, 0.59243, 0.6286, 0.66006, 9146], [0.41267, 0.99218, 0.35823, 0.19693, 0.7869, 9113], [0.08189, 0.97427, 0.37984, 0.64439, 0.16912, 9036], [0.69347, 0.45142, 0.16627, 0.66569, 0.06672, 7614], [0.77355, 0.93381, 0.19071, 0.47246, 0.39041, 7402], [0.95994, 0.01245, 0.7939, 0.8248, 0.74577, 6204], [0.98846, 0.65407, 0.27181, 0.4378, 0.32679, 6080], [0.32762, 0.24958, 0.74132, 0.72134, 0.53171, 5553], [0.81997, 0.00912, 0.72444, 0.87786, 0.56792, 5397], [0.56287, 0.98751, 0.45545, 0.25724, 0.43311, 5356], [0.15214, 0.42323, 0.09343, 0.80088, 0.76025, 5249], [0.50999, 0.11969, 0.46192, 0.58735, 0.17711, 5026], [0.5831, 0.49945, 0.72886, 0.39552, 0.42805, 4975], [0.76027, 0.79877, 0.97707, 0.33602, 0.9277, 4775], [0.39214, 0.41386, 0.91472, 0.99962, 0.28303, 4767], [0.39052, 0.71839, 0.89577, 0.38124, 0.8874, 4735], [0.49285, 0.70226, 0.51479, 0.94259, 0.03811, 4544], [0.87895, 0.99379, 0.857, 0.50123, 0.49586, 4444], [0.95282, 0.16233, 0.48339, 0.46055, 0.15806, 4174], [0.82517, 0.23574, 0.99595, 0.70559, 0.48339, 4146], [0.97749, 0.83085, 0.78758, 0.4746, 0.54447, 4063], [0.77933, 0.75517, 0.66518, 0.93334, 0.17793, 4018], [0.35035, 0.81857, 0.39761, 0.4465, 0.01278, 3790], [0.11918, 0.22401, 0.03347, 0.13918, 0.87784, 3745], [0.88977, 0.88478, 0.05887, 0.04089, 0.69037, 3455], [0.81411, 0.47667, 0.53783, 0.33486, 0.0069, 2775], [0.45452, 0.83728, 0.96998, 0.45346, 0.26651, 2766], [0.62421, 0.52706, 0.03293, 0.73882, 0.73021, 2390], [0.79589, 0.5193, 0.82071, 0.64559, 0.06436, 2215], [0.70324, 0.34784, 0.96802, 0.04972, 0.21317, 2002], [0.34317, 0.89227, 0.71677, 0.18101, 0.03203, 1772], [0.24769, 0.73885, 0.5246, 0.0082, 0.06732, 1536]]}