{"iteration": 0, "npopulation": 100, "nfitness": 100, "nparams": 5, "ngeneration": 100, "npk": true, "maxmoves": 400, "pop": [[0.10209, 0.85143, 0.44549, 0.68522, 0.81785, 15738], [0.23411, 0.601, 0.32153, 0.75822, 0.23309, 15711], [0.95647, 0.0622, 0.18934, 0.3648, 0.33246, 15707], [0.24601, 0.56272, 0.18637, 0.11595, 0.44331, 15698], [0.49591, 0.46735, 0.27302, 0.53176, 0.51589, 15697], [0.48813, 0.77971, 0.45713, 0.74333, 0.63008, 15661], [0.23294, 0.07094, 0.10616, 0.19778, 0.11908, 15650], [0.16035, 0.2474, 0.07963, 0.22214, 0.02936, 15647], [0.11682, 0.25159, 0.28599, 0.3333, 0.68315, 15624], [0.60818, 0.91591, 0.45315, 0.30913, 0.82634, 15613], [0.59919, 0.50497, 0.41832, 0.18368, 0.84678, 15608], [0.91594, 0.48721, 0.07022, 0.21014, 0.20751, 15599], [0.65042, 0.88326, 0.16004, 0.58922, 0.71116, 15579], [0.36747, 0.19057, 0.15552, 0.21422, 0.22029, 15551], [0.94947, 0.31847, 0.17535, 0.60806, 0.46746, 15544], [0.48401, 0.68893, 0.06264, 0.55318, 0.21249, 15514], [0.29013, 0.87415, 0.68127, 0.82392, 0.94868, 15466], [0.23004, 0.67449, 0.33084, 0.25153, 0.57798, 15463], [0.00614, 0.989, 0.22432, 0.98656, 0.91141, 15439], [0.93513, 0.04396, 0.37851, 0.14355, 0.91164, 15418], [0.04232, 0.59165, 0.55885, 0.71353, 0.66113, 15398], [0.32941, 0.37371, 0.09306, 0.61097, 0.28783, 15372], [0.47871, 0.80228, 0.81492, 0.89173, 0.77822, 15367], [0.82185, 0.1307, 0.18452, 0.58392, 0.98236, 15281], [0.81304, 0.05011, 0.73618, 0.69619, 0.9013, 15266], [0.64627, 0.19206, 0.14811, 0.97522, 0.09375, 15226], [0.49218, 0.72822, 0.07314, 0.6713, 0.26111, 15218], [0.18462, 0.17827, 0.45764, 0.67551, 0.53996, 15210], [0.27343, 0.01241, 0.72763, 0.79605, 0.79226, 15202], [0.27343, 0.39179, 0.77806, 0.98864, 0.6922, 15144], [0.15513, 0.04951, 0.14322, 0.79482, 0.48576, 15035], [0.14283, 0.42563, 0.5768, 0.7611, 0.59466, 14945], [0.13057, 0.5804, 0.03576, 0.29549, 0.35757, 14914], [0.76286, 0.0767, 0.07312, 0.42645, 0.69929, 14914], [0.34744, 0.98423, 0.12931, 0.88305, 0.6991, 14829], [0.19871, 0.63446, 0.11269, 0.71694, 0.75656, 14707], [0.36236, 0.17706, 0.18784, 0.83574, 0.98019, 14642], [0.98465, 0.02209, 0.06911, 0.52431, 0.92941, 14622], [0.88867, 0.30009, 0.01768, 0.54703, 0.13126, 14514], [0.20056, 0.05923, 0.06026, 0.32433, 0.42341, 14111], [0.20773, 0.27799, 0.00242, 0.02328, 0.29114, 14078], [0.38789, 0.63688, 0.06538, 0.9001, 0.88691, 14048], [0.85982, 0.79731, 0.02946, 0.64143, 0.93921, 13766], [0.76907, 0.25565, 0.0054, 0.95261, 0.73277, 13401], [0.63975, 0.48172, 0.7634, 0.71629, 0.70177, 12334], [0.57656, 0.37613, 0.42935, 0.32824, 0.37212, 12191], [0.71066, 0.88879, 0.32306, 0.18935, 0.21522, 12029], [0.99089, 0.91688, 0.90203, 0.98574, 0.51317, 11721], [0.18085, 0.74379, 0.52106, 0.17474, 0.79383, 11710], [0.81213, 0.29592, 0.7726, 0.58578, 0.72014, 11378], [0.81305, 0.1325, 0.3318, 0.10658, 0.52368, 11268], [0.54835, 0.65376, 0.82934, 0.54751, 0.82842, 11214], [0.57942, 0.04471, 0.37353, 0.42793, 0.1673, 11157], [0.9624, 0.46123, 0.6505, 0.09549, 0.92067, 11124], [0.46882, 0.31733, 0.94248, 0.90831, 0.76298, 11113], [0.36817, 0.8268, 0.95195, 0.74915, 0.91505, 10999], [0.6178, 0.86831, 0.62227, 0.52954, 0.25397, 10828], [0.65044, 0.78901, 0.90693, 0.97632, 0.46443, 10820], [0.79485, 0.51189, 0.51952, 0.2041, 0.5654, 10682], [0.0781, 0.50168, 0.36909, 0.51661, 0.02713, 10480], [0.6864, 0.68172, 0.52551, 0.4555, 0.14626, 10459], [0.60279, 0.08984, 0.53004, 0.60813, 0.20989, 10375], [0.00583, 0.94849, 0.34071, 0.03591, 0.42355, 10372], [0.81413, 0.93504, 0.86924, 0.74051, 0.4818, 10343], [0.11919, 0.79666, 0.83318, 0.48249, 0.84106, 10198], [0.93578, 0.59139, 0.52514, 0.15227, 0.496, 10120], [0.84845, 0.91111, 0.97887, 0.95055, 0.16854, 9418], [0.14137, 0.74613, 0.82015, 0.74112, 0.44309, 8840], [0.31689, 0.11644, 0.88057, 0.76175, 0.76526, 8797], [0.22256, 0.10932, 0.88077, 0.72876, 0.61709, 8384], [0.51691, 0.16707, 0.97063, 0.49855, 0.98395, 8201], [0.36068, 0.6597, 0.86524, 0.67706, 0.32525, 7392], [0.42391, 0.18459, 0.8478, 0.75973, 0.3115, 7243], [0.7632, 0.85769, 0.8569, 0.26574, 0.59785, 7126], [0.39486, 0.64762, 0.89295, 0.81846, 0.27053, 7123], [0.05094, 0.81174, 0.77373, 0.39948, 0.42866, 7077], [0.06221, 0.2502, 0.86146, 0.83884, 0.13585, 7020], [0.13764, 0.0584, 0.69529, 0.55555, 0.33966, 6614], [0.64283, 0.38319, 0.83581, 0.4179, 0.46697, 6576], [0.47803, 0.15976, 0.68761, 0.47589, 0.2867, 6293], [0.08869, 0.98016, 0.99919, 0.40193, 0.62392, 6184], [0.30956, 0.4309, 0.41117, 0.31153, 0.04045, 3991], [0.91809, 0.36644, 0.85305, 0.66337, 0.05221, 3890], [0.17359, 0.78607, 0.54133, 0.09412, 0.35206, 3838], [0.65686, 0.70263, 0.95241, 0.22962, 0.49992, 3668], [0.77371, 0.68297, 0.87643, 0.1117, 0.55472, 3463], [0.14956, 0.67579, 0.76745, 0.34334, 0.24087, 3420], [0.62332, 0.99151, 0.96152, 0.20587, 0.39786, 3298], [0.95137, 0.80936, 0.95452, 0.28971, 0.24715, 3287], [0.03534, 0.94212, 0.8032, 0.55807, 0.0211, 3213], [0.42695, 0.36817, 0.95978, 0.01668, 0.92158, 3208], [0.47755, 0.25685, 0.7214, 0.28729, 0.20185, 2903], [0.77189, 0.84582, 0.64877, 0.09738, 0.18838, 2786], [0.66335, 0.27228, 0.88966, 0.36529, 0.18499, 2766], [0.80335, 0.30053, 0.93207, 0.22254, 0.27284, 2580], [0.64232, 0.38694, 0.58225, 0.08348, 0.18841, 2345], [0.18319, 0.8441, 0.99392, 0.22651, 0.31187, 2271], [0.68848, 0.40101, 0.78879, 0.0689, 0.30882, 2208], [0.4771, 0.0709, 0.70559, 0.08996, 0.30057, 2174], [0.39562, 0.09307, 0.97111, 0.10375, 0.00841, 850]]}