{"iteration": 20, "npopulation": 100, "nfitness": 100, "nparams": 5, "ngeneration": 100, "npk": false, "maxmoves": -1, "pop": [[0.14246, 0.15865, 0.23131, 0.56507, 0.45612, 31607], [0.14877, 0.19003, 0.24835, 0.57329, 0.52219, 29801], [0.14385, 0.15988, 0.22903, 0.55446, 0.4581, 29325], [0.14875, 0.18957, 0.2478, 0.57033, 0.52304, 29165], [0.148, 0.19772, 0.24543, 0.56245, 0.53227, 29142], [0.14376, 0.15965, 0.2289, 0.55441, 0.45768, 28727], [0.14114, 0.15409, 0.22929, 0.55165, 0.46131, 28680], [0.1819, 0.18849, 0.24516, 0.5319, 0.48328, 28116], [0.14871, 0.19412, 0.24629, 0.5652, 0.52763, 27940], [0.1816, 0.20586, 0.24241, 0.58109, 0.48249, 27933], [0.14892, 0.19014, 0.24805, 0.572, 0.52238, 27769], [0.1677, 0.21313, 0.2551, 0.58663, 0.5346, 27768], [0.14897, 0.18906, 0.24699, 0.56804, 0.52246, 27669], [0.14375, 0.1597, 0.22898, 0.55461, 0.45786, 27235], [0.23191, 0.20278, 0.31281, 0.72707, 0.65999, 27224], [0.14825, 0.18898, 0.24922, 0.57562, 0.5232, 27186], [0.14771, 0.18955, 0.25099, 0.58382, 0.52145, 27099], [0.144, 0.15987, 0.22851, 0.55252, 0.4581, 27008], [0.15379, 0.22041, 0.2678, 0.59217, 0.58671, 27005], [0.14872, 0.18997, 0.24837, 0.57349, 0.52219, 26969], [0.14903, 0.19013, 0.24769, 0.57069, 0.52237, 26961], [0.14747, 0.18725, 0.24854, 0.57191, 0.52401, 26737], [0.14877, 0.19006, 0.24839, 0.57339, 0.52228, 26589], [0.14413, 0.16041, 0.22915, 0.55393, 0.45872, 26423], [0.14417, 0.15951, 0.22729, 0.54876, 0.45724, 26169], [0.14875, 0.18957, 0.2478, 0.57033, 0.52304, 26042], [0.14365, 0.15967, 0.22929, 0.55576, 0.45774, 25754], [0.14942, 0.19052, 0.24715, 0.56796, 0.52297, 25599], [0.14872, 0.19004, 0.24854, 0.57397, 0.52222, 25576], [0.14747, 0.18725, 0.24854, 0.57191, 0.52401, 25505], [0.31002, 0.18515, 0.35782, 0.86197, 0.73327, 25486], [0.14875, 0.18957, 0.2478, 0.57033, 0.52304, 25437], [0.14427, 0.1598, 0.22751, 0.54902, 0.45785, 25353], [0.14271, 0.15754, 0.23064, 0.55907, 0.45969, 25248], [0.23191, 0.20278, 0.31281, 0.72707, 0.65999, 25218], [0.14372, 0.15873, 0.22781, 0.54849, 0.45937, 25101], [0.18781, 0.18221, 0.26204, 0.59495, 0.55546, 24966], [0.14924, 0.19015, 0.24702, 0.5682, 0.52245, 24932], [0.14365, 0.15967, 0.22929, 0.55576, 0.45774, 24847], [0.14898, 0.18996, 0.24754, 0.57046, 0.52197, 24843], [0.14484, 0.15826, 0.22495, 0.53837, 0.45901, 24812], [0.14889, 0.19014, 0.24815, 0.57234, 0.52241, 24458], [0.10922, 0.25674, 0.26891, 0.73918, 0.59472, 23931], [0.14857, 0.19004, 0.24907, 0.57589, 0.52221, 23912], [0.16785, 0.20445, 0.25648, 0.56204, 0.53499, 23502], [0.14872, 0.18997, 0.24837, 0.57349, 0.52219, 22983], [0.14932, 0.18934, 0.24638, 0.56527, 0.52286, 22885], [0.14892, 0.19014, 0.24805, 0.572, 0.52238, 22200], [0.14932, 0.18934, 0.24638, 0.56527, 0.52286, 22039], [0.14792, 0.18957, 0.25032, 0.58134, 0.52154, 21583], [0.7611, 0.10353, 0.28155, 0.59766, 0.74499, 19976], [0.06277, 0.60841, 0.19418, 0.62729, 0.4819, 16871], [0.14871, 0.13843, 0.29207, 0.48313, 0.44113, 15582], [0.8526, 0.5951, 0.32786, 0.96383, 0.60666, 15457], [0.14048, 0.23667, 0.33306, 0.59342, 0.55188, 15411], [0.21943, 0.23506, 0.39317, 0.6085, 0.65473, 14974], [0.14871, 0.13843, 0.29207, 0.48313, 0.44113, 14846], [0.48489, 0.52379, 0.18427, 0.35039, 0.63787, 13783], [0.57686, 0.92885, 0.27133, 0.89474, 0.45975, 13617], [0.63341, 0.48182, 0.21148, 0.49426, 0.70218, 13043], [0.53555, 0.31291, 0.80861, 0.72941, 0.89083, 12921], [0.44643, 0.54353, 0.17822, 0.57747, 0.30263, 12865], [0.26122, 0.28607, 0.43101, 0.29421, 0.86195, 12831], [0.09332, 0.429, 0.4157, 0.43866, 0.58332, 12524], [0.42643, 0.69257, 0.37631, 0.54978, 0.86859, 12295], [0.27986, 0.78337, 0.5197, 0.49204, 0.84997, 11772], [0.33071, 0.8639, 0.43309, 0.3833, 0.86417, 11497], [0.21756, 0.13139, 0.84364, 0.91556, 0.8679, 11396], [0.36979, 0.56259, 0.24946, 0.55078, 0.42781, 10995], [0.70966, 0.07454, 0.44311, 0.66387, 0.47057, 10633], [0.6203, 0.64367, 0.86189, 0.86291, 0.92735, 10406], [0.31666, 0.71286, 0.37749, 0.17116, 0.86362, 10202], [0.81392, 0.41086, 0.16293, 0.94801, 0.25388, 9743], [0.2292, 0.10392, 0.10992, 0.8452, 0.27137, 9728], [0.37055, 0.49328, 0.33228, 0.39323, 0.59179, 9404], [0.20567, 0.42868, 0.22545, 0.4999, 0.09088, 8708], [0.89844, 0.28387, 0.25433, 0.57071, 0.14832, 8019], [0.29339, 0.13011, 0.52756, 0.91614, 0.02856, 6100], [0.26553, 0.25762, 0.07554, 0.62641, 0.17573, 6038], [0.38168, 0.67099, 0.12887, 0.91251, 0.91275, 5627], [0.81864, 0.85013, 0.72757, 0.39807, 0.97913, 5508], [0.01375, 0.25554, 0.83036, 0.85831, 0.69886, 5504], [0.43439, 0.82505, 0.09796, 0.82636, 0.25205, 5387], [0.20523, 0.63872, 0.84409, 0.84461, 0.74344, 5218], [0.60392, 0.97444, 0.15792, 0.4829, 0.01044, 5153], [0.17639, 0.85334, 0.6537, 0.71125, 0.44096, 4994], [0.41307, 0.69919, 0.91975, 0.57684, 0.58973, 4867], [0.87927, 0.24567, 0.72296, 0.97221, 0.0652, 4786], [0.69721, 0.69417, 0.62743, 0.59893, 0.13881, 4597], [0.83411, 0.21227, 0.87575, 0.40115, 0.57026, 4511], [0.72434, 0.54426, 0.66102, 0.19677, 0.59179, 4459], [0.70332, 0.7478, 0.08887, 0.09341, 0.11098, 3663], [0.07418, 0.97155, 0.09568, 0.11685, 0.00856, 3045], [0.80708, 0.08476, 0.02458, 0.82951, 0.9669, 2888], [0.57741, 0.42589, 0.76335, 0.68161, 0.00648, 2871], [0.19482, 0.54677, 0.78393, 0.01743, 0.56003, 2750], [0.03112, 0.87147, 0.84881, 0.78954, 0.03492, 2717], [0.68155, 0.36698, 0.99688, 0.61451, 0.15117, 2669], [0.336, 0.17614, 0.72186, 0.21702, 0.32569, 2663], [0.70355, 0.4951, 0.62697, 0.43881, 0.08952, 2497]]}