{"iteration": 7, "npopulation": 100, "nfitness": 10, "nparams": 5, "ngeneration": 100, "npk": true, "maxmoves": 500, "pop": [[0.5529, 0.4939, 0.18257, 0.47463, 0.35215, 1983], [0.55409, 0.52291, 0.23218, 0.54984, 0.30218, 1983], [0.41678, 0.85423, 0.1044, 0.37016, 0.20678, 1983], [0.72714, 0.99694, 0.17316, 0.70609, 0.27401, 1982], [0.47479, 0.60818, 0.14428, 0.38983, 0.50287, 1981], [0.5374, 0.68077, 0.15437, 0.51795, 0.31904, 1981], [0.51482, 0.47939, 0.1787, 0.49929, 0.45266, 1980], [0.5907, 0.5328, 0.20009, 0.46768, 0.42088, 1980], [0.59243, 0.62807, 0.23163, 0.50487, 0.3401, 1980], [0.51482, 0.47939, 0.1787, 0.49929, 0.45266, 1980], [0.562, 0.35831, 0.13114, 0.44571, 0.1895, 1979], [0.54025, 0.42222, 0.15852, 0.35362, 0.48102, 1979], [0.52314, 0.63894, 0.32426, 0.6582, 0.41557, 1979], [0.53688, 0.537, 0.19271, 0.48794, 0.37173, 1978], [0.50555, 0.65978, 0.23292, 0.46669, 0.47261, 1978], [0.5907, 0.5328, 0.20009, 0.46768, 0.42088, 1977], [0.46594, 0.65462, 0.13473, 0.42587, 0.24511, 1977], [0.50228, 0.59144, 0.14238, 0.42788, 0.50479, 1977], [0.5151, 0.455, 0.16506, 0.48158, 0.28343, 1976], [0.50419, 0.62957, 0.22908, 0.46749, 0.41294, 1975], [0.56217, 0.31451, 0.21996, 0.51884, 0.34175, 1975], [0.94899, 0.47144, 0.34215, 0.3294, 0.84687, 1975], [0.5374, 0.68077, 0.15437, 0.51795, 0.31904, 1975], [0.55245, 0.5631, 0.199, 0.43082, 0.37868, 1974], [0.49748, 0.52387, 0.22982, 0.50929, 0.36901, 1974], [0.58761, 0.47966, 0.19195, 0.4138, 0.4366, 1973], [0.55324, 0.56336, 0.25192, 0.52451, 0.3015, 1973], [0.7338, 0.54417, 0.21887, 0.53707, 0.35291, 1973], [0.5151, 0.455, 0.16506, 0.48158, 0.28343, 1972], [0.51033, 0.55739, 0.19899, 0.47413, 0.37802, 1972], [0.55409, 0.52291, 0.23218, 0.54984, 0.30218, 1972], [0.5907, 0.5328, 0.20009, 0.46768, 0.42088, 1972], [0.29864, 0.22321, 0.22932, 0.45281, 0.3159, 1972], [0.72647, 0.7082, 0.0998, 0.34336, 0.29221, 1971], [0.49328, 0.80414, 0.29309, 0.45341, 0.54245, 1971], [0.70473, 0.49689, 0.20019, 0.57094, 0.17708, 1971], [0.61186, 0.27648, 0.26596, 0.39613, 0.47603, 1971], [0.9721, 0.56295, 0.42002, 0.66526, 0.60496, 1971], [0.34973, 0.63032, 0.23768, 0.65507, 0.64241, 1970], [0.52668, 0.57512, 0.29367, 0.4344, 0.42932, 1970], [0.61186, 0.27648, 0.26596, 0.39613, 0.47603, 1970], [0.3145, 0.69129, 0.14914, 0.71651, 0.40546, 1970], [0.44529, 0.62241, 0.26172, 0.50677, 0.38289, 1970], [0.44529, 0.62241, 0.26172, 0.50677, 0.38289, 1969], [0.46058, 0.56839, 0.12716, 0.45871, 0.40636, 1969], [0.38772, 0.64209, 0.32296, 0.59021, 0.51258, 1968], [0.48272, 0.55005, 0.33392, 0.53051, 0.46265, 1968], [0.47063, 0.41944, 0.21682, 0.46741, 0.28322, 1967], [0.88008, 0.13451, 0.18087, 0.74508, 0.7629, 1966], [0.48947, 0.72788, 0.11969, 0.37418, 0.72614, 1965], [0.82047, 0.735, 0.65399, 0.86988, 0.783, 1963], [0.5151, 0.455, 0.16506, 0.48158, 0.28343, 1962], [0.93785, 0.96141, 0.03453, 0.20514, 0.30099, 1962], [0.28124, 0.63011, 0.28596, 0.26227, 0.46452, 1959], [0.16226, 0.73377, 0.27993, 0.25075, 0.38376, 1959], [0.32548, 0.81643, 0.47577, 0.73886, 0.61761, 1958], [0.30685, 0.46947, 0.3498, 0.66038, 0.29801, 1958], [0.46358, 0.00679, 0.35758, 0.19703, 0.84465, 1957], [0.38642, 0.59257, 0.17063, 0.56894, 0.51406, 1957], [0.83827, 0.7325, 0.31903, 0.24749, 0.68342, 1957], [0.86419, 0.23115, 0.17013, 0.33859, 0.22, 1956], [0.12518, 0.4169, 0.37008, 0.33654, 0.47883, 1952], [0.63318, 0.67726, 0.3256, 0.50731, 0.1958, 1951], [0.49606, 0.57025, 0.36401, 0.53891, 0.35075, 1943], [0.14722, 0.95621, 0.0512, 0.99829, 0.7438, 1924], [0.76058, 0.7704, 0.46517, 0.19955, 0.85495, 1920], [0.40185, 0.64238, 0.64875, 0.89326, 0.69261, 1885], [0.39424, 0.66755, 0.44303, 0.64034, 0.58452, 1876], [0.87166, 0.12297, 0.80161, 0.95616, 0.8364, 1835], [0.53363, 0.16415, 0.11238, 0.83756, 0.72667, 1820], [0.31074, 0.01604, 0.61731, 0.93007, 0.64655, 1799], [0.12171, 0.12578, 0.16607, 0.95045, 0.4904, 1794], [0.43128, 0.65737, 0.05012, 0.21023, 0.31237, 1781], [0.60991, 0.47595, 0.18263, 0.52626, 0.23025, 1779], [0.32878, 0.40412, 0.23323, 0.50887, 0.46704, 1778], [0.49151, 0.51553, 0.18884, 0.50838, 0.41501, 1776], [0.83495, 0.79715, 0.13781, 0.07184, 0.75508, 1773], [0.79664, 0.82095, 0.37472, 0.23482, 0.49754, 1702], [0.0376, 0.17976, 0.05071, 0.77436, 0.49029, 1698], [0.94289, 0.53921, 0.02311, 0.27332, 0.92658, 1650], [0.79664, 0.82095, 0.37472, 0.23482, 0.49754, 1458], [0.9407, 0.93929, 0.43259, 0.65099, 0.03781, 1312], [0.79465, 0.56028, 0.53573, 0.61982, 0.40478, 1178], [0.7137, 0.03713, 0.7606, 0.38742, 0.94326, 1081], [0.58278, 0.97516, 0.94947, 0.57405, 0.84075, 1032], [0.57619, 0.17568, 0.95376, 0.86907, 0.60077, 983], [0.22048, 0.94635, 0.74116, 0.98422, 0.04114, 794], [0.06206, 0.91856, 0.81999, 0.27935, 0.85614, 792], [0.5811, 0.30503, 0.53194, 0.30667, 0.34438, 787], [0.5102, 0.11467, 0.67291, 0.37653, 0.49141, 689], [0.63532, 0.04342, 0.6874, 0.85615, 0.12259, 590], [0.60393, 0.39528, 0.83017, 0.00149, 0.93401, 584], [0.82379, 0.5112, 0.65439, 0.20901, 0.20903, 333], [0.87863, 0.05618, 0.74501, 0.0329, 0.6587, 325], [0.0801, 0.96229, 0.93682, 0.04498, 0.86928, 299], [0.63744, 0.58602, 0.88092, 0.47986, 0.15167, 254], [0.62179, 0.80339, 0.51767, 0.00513, 0.23481, 249], [0.57748, 0.19077, 0.83447, 0.76794, 0.00442, 225], [0.02981, 0.51118, 0.70444, 0.47038, 0.10788, 198], [0.54724, 0.3403, 0.692, 0.01775, 0.04176, 92]]}